{
  "bands": [
    {
      "family": "composite_lorentzians",
      "n_sub": 4,
      "name": "D",
      "nominal_center": 1350.0,
      "sub_areas": [
        193.45965418562483,
        243.49025442530197,
        267.20400125872146,
        295.8460901303519
      ],
      "sub_centers": [
        1360.7946227478478,
        1363.9114703935934,
        1327.4765341744724,
        1348.8893231584314
      ],
      "sub_fwhms": [
        13.27430002439145,
        14.9823000838045,
        19.20919955495367,
        9.778228276641613
      ],
      "sub_heights": [
        9.278096832500188,
        10.346255880532189,
        8.855514774074326,
        19.261308411518343
      ],
      "total_area": 1000.0
    },
    {
      "center": 1585.0,
      "core_fwhm": 35.82735245400816,
      "family": "emg",
      "name": "G",
      "tau": 39.01000074056258,
      "total_area": 1000.0
    },
    {
      "area": 150.0,
      "center": 1620.0,
      "eta": 0.5120692772202446,
      "family": "mixed_voigt",
      "fwhm": 18.0,
      "name": "Dprime"
    }
  ],
  "baseline": {
    "exp": null,
    "frac": 0.0,
    "gaussians": [],
    "severity": "none",
    "signal_scale": 25.041391567609796
  },
  "case_id": "tierB_stage1_blnone_snr15_i4",
  "generator_families": [
    "composite_lorentzians",
    "emg",
    "mixed_voigt"
  ],
  "grid": {
    "max": 1800.0,
    "min": 1000.0,
    "step": 1.0
  },
  "id_ig_area_ratio_nominal": 1.0,
  "instance": 4,
  "seed": 20260615,
  "severity": "none",
  "snr_label": 15,
  "stage": 1,
  "stage_label": "stage1",
  "tier": "B",
  "true_id_ig_area": 0.9884477373774719,
  "true_id_ig_height": 1.817878325522576,
  "wavelength_nm": 532.0
}