{
  "bands": [
    {
      "family": "composite_lorentzians",
      "n_sub": 5,
      "name": "D",
      "nominal_center": 1350.0,
      "sub_areas": [
        147.62846877201756,
        265.9294393735373,
        229.00811475770846,
        226.68388797144507,
        130.75008912529168
      ],
      "sub_centers": [
        1344.5969478254565,
        1335.9441753107044,
        1348.1851376319394,
        1351.7762814854684,
        1366.4870210515908
      ],
      "sub_fwhms": [
        13.924920865136073,
        22.60305046917197,
        12.627394846468922,
        14.027540524240196,
        23.17140366087451
      ],
      "sub_heights": [
        6.749280882444571,
        7.48995979063625,
        11.54561931894842,
        10.28772256336763,
        3.592276635210225
      ],
      "total_area": 1000.0
    },
    {
      "center": 1585.0,
      "core_fwhm": 43.341057960166204,
      "family": "emg",
      "name": "G",
      "tau": 32.65666735124332,
      "total_area": 1000.0
    },
    {
      "area": 150.0,
      "center": 1620.0,
      "eta": 0.6066817302039497,
      "family": "mixed_voigt",
      "fwhm": 18.0,
      "name": "Dprime"
    }
  ],
  "baseline": {
    "exp": {
      "amp": 0.6317629275379046,
      "decay": 897.643973731685
    },
    "frac": 0.15,
    "gaussians": [
      {
        "amp": 0.8241064368677269,
        "center": 1134.4231598102372,
        "width": 462.657878364673
      },
      {
        "amp": 0.9727519094577356,
        "center": 1190.057353345367,
        "width": 390.56646494618684
      }
    ],
    "severity": "mild",
    "signal_scale": 29.479073137786727
  },
  "case_id": "tierB_stage1_blmild_snr50_i4",
  "generator_families": [
    "composite_lorentzians",
    "emg",
    "mixed_voigt"
  ],
  "grid": {
    "max": 1800.0,
    "min": 1000.0,
    "step": 1.0
  },
  "id_ig_area_ratio_nominal": 1.0,
  "instance": 4,
  "seed": 20260615,
  "severity": "mild",
  "snr_label": 50,
  "stage": 1,
  "stage_label": "stage1",
  "tier": "B",
  "true_id_ig_area": 0.9860896276951182,
  "true_id_ig_height": 2.1531905171084906,
  "wavelength_nm": 532.0
}