{
  "bands": [
    {
      "family": "composite_lorentzians",
      "n_sub": 7,
      "name": "D",
      "nominal_center": 1350.0,
      "sub_areas": [
        189.94670636850367,
        94.87865727392771,
        131.8766566350306,
        206.45914563334279,
        98.5444444427232,
        159.24137416173804,
        119.05301548473408
      ],
      "sub_centers": [
        1345.318013538317,
        1341.1921077034203,
        1341.8112207445317,
        1364.8546559831354,
        1353.576125732943,
        1334.2949101070722,
        1358.4727190062074
      ],
      "sub_fwhms": [
        23.316932513332645,
        18.772802015934403,
        10.208065670458204,
        17.441149974376728,
        24.84805077093772,
        19.912182038410652,
        10.841353262837158
      ],
      "sub_heights": [
        5.186095079236699,
        3.21750738888103,
        8.224407036345253,
        7.5359695025500155,
        2.5247590793959365,
        5.091165155822278,
        6.990963376995529
      ],
      "total_area": 1000.0
    },
    {
      "center": 1585.0,
      "core_fwhm": 39.91003300267159,
      "family": "emg",
      "name": "G",
      "tau": 36.925185742367596,
      "total_area": 1000.0
    },
    {
      "area": 150.0,
      "center": 1620.0,
      "eta": 0.31156705982035715,
      "family": "mixed_voigt",
      "fwhm": 18.0,
      "name": "Dprime"
    }
  ],
  "baseline": {
    "exp": null,
    "frac": 0.0,
    "gaussians": [],
    "severity": "none",
    "signal_scale": 22.38263290531272
  },
  "case_id": "tierB_stage1_blnone_snr50_i2",
  "generator_families": [
    "composite_lorentzians",
    "emg",
    "mixed_voigt"
  ],
  "grid": {
    "max": 1800.0,
    "min": 1000.0,
    "step": 1.0
  },
  "id_ig_area_ratio_nominal": 1.0,
  "instance": 2,
  "seed": 20260615,
  "severity": "none",
  "snr_label": 50,
  "stage": 1,
  "stage_label": "stage1",
  "tier": "B",
  "true_id_ig_area": 0.9853740720021412,
  "true_id_ig_height": 1.6611061720284317,
  "wavelength_nm": 532.0
}