{
  "bands": [
    {
      "family": "composite_lorentzians",
      "n_sub": 5,
      "name": "D",
      "nominal_center": 1350.0,
      "sub_areas": [
        167.50747295065892,
        125.88913925555758,
        249.61142306991982,
        225.0269746449337,
        231.96499007892996
      ],
      "sub_centers": [
        1333.7261256052977,
        1341.5615010046085,
        1346.6217473271838,
        1328.5476365820682,
        1346.444086287621
      ],
      "sub_fwhms": [
        10.508968670967699,
        16.95237351460863,
        22.545028490956526,
        11.700679860009512,
        14.72581760125787
      ],
      "sub_heights": [
        10.147386735895337,
        4.727568980671674,
        7.0484527175852945,
        12.24344423477857,
        10.028203742567236
      ],
      "total_area": 1000.0
    },
    {
      "center": 1585.0,
      "core_fwhm": 34.42813177148799,
      "family": "emg",
      "name": "G",
      "tau": 25.403520694662806,
      "total_area": 1000.0
    },
    {
      "area": 150.0,
      "center": 1620.0,
      "eta": 0.3341209431450822,
      "family": "mixed_voigt",
      "fwhm": 18.0,
      "name": "Dprime"
    }
  ],
  "baseline": {
    "exp": {
      "amp": 0.7177510262883469,
      "decay": 525.7228751012311
    },
    "frac": 0.15,
    "gaussians": [
      {
        "amp": 0.7307816647887874,
        "center": 1003.5474704777117,
        "width": 160.97759107493735
      },
      {
        "amp": 0.6487172606517995,
        "center": 1219.648765917313,
        "width": 440.42582725290225
      }
    ],
    "severity": "mild",
    "signal_scale": 25.23088972911828
  },
  "case_id": "tierB_stage1_blmild_snr200_i3",
  "generator_families": [
    "composite_lorentzians",
    "emg",
    "mixed_voigt"
  ],
  "grid": {
    "max": 1800.0,
    "min": 1000.0,
    "step": 1.0
  },
  "id_ig_area_ratio_nominal": 1.0,
  "instance": 3,
  "seed": 20260615,
  "severity": "mild",
  "snr_label": 200,
  "stage": 1,
  "stage_label": "stage1",
  "tier": "B",
  "true_id_ig_area": 0.9873349157251448,
  "true_id_ig_height": 1.4520821113355287,
  "wavelength_nm": 532.0
}