{
  "bands": [
    {
      "family": "composite_lorentzians",
      "n_sub": 7,
      "name": "D",
      "nominal_center": 1350.0,
      "sub_areas": [
        210.106396855922,
        96.70115907745063,
        101.81340696094165,
        118.22101748187974,
        151.29379908598884,
        154.32115230766436,
        167.54306823015276
      ],
      "sub_centers": [
        1346.673558128085,
        1362.6975696174034,
        1355.4023430382704,
        1368.8576378043651,
        1365.764891750374,
        1363.0532178415037,
        1337.0023109226925
      ],
      "sub_fwhms": [
        22.584938032330818,
        14.084205143376394,
        21.263032523924267,
        21.657803256795816,
        23.405924971502735,
        11.031945089747929,
        19.072551692958353
      ],
      "sub_heights": [
        5.922437615189048,
        4.370986452758364,
        3.0483153280471114,
        3.475044830078155,
        4.115053092412138,
        8.905401183052204,
        5.592394330635143
      ],
      "total_area": 1000.0
    },
    {
      "center": 1585.0,
      "core_fwhm": 42.20844047576171,
      "family": "emg",
      "name": "G",
      "tau": 30.32925386891616,
      "total_area": 1000.0
    },
    {
      "area": 150.0,
      "center": 1620.0,
      "eta": 0.5578787481007613,
      "family": "mixed_voigt",
      "fwhm": 18.0,
      "name": "Dprime"
    }
  ],
  "baseline": {
    "exp": {
      "amp": 0.743869768301405,
      "decay": 823.7248546279623
    },
    "frac": 0.6,
    "gaussians": [
      {
        "amp": 0.8523472694258428,
        "center": 1287.0775750676557,
        "width": 306.3621691875156
      },
      {
        "amp": 0.6006871345628723,
        "center": 1834.6600870009513,
        "width": 355.75209778940376
      }
    ],
    "severity": "strong",
    "signal_scale": 24.454564301742877
  },
  "case_id": "tierB_stage1_blstrong_snr15_i1",
  "generator_families": [
    "composite_lorentzians",
    "emg",
    "mixed_voigt"
  ],
  "grid": {
    "max": 1800.0,
    "min": 1000.0,
    "step": 1.0
  },
  "id_ig_area_ratio_nominal": 1.0,
  "instance": 1,
  "seed": 20260615,
  "severity": "strong",
  "snr_label": 15,
  "stage": 1,
  "stage_label": "stage1",
  "tier": "B",
  "true_id_ig_area": 0.9844587437262138,
  "true_id_ig_height": 1.7036708500441304,
  "wavelength_nm": 532.0
}