{
  "bands": [
    {
      "family": "composite_lorentzians",
      "n_sub": 7,
      "name": "D",
      "nominal_center": 1350.0,
      "sub_areas": [
        140.25054095857556,
        98.27191441801772,
        146.3641573574184,
        170.38285288879294,
        158.16976668111363,
        89.83495962893238,
        196.72580806714944
      ],
      "sub_centers": [
        1340.4940226148644,
        1327.032678207516,
        1340.9244297869238,
        1373.5395757662686,
        1348.6220060104085,
        1343.4293028191944,
        1362.980650878747
      ],
      "sub_fwhms": [
        21.647284885270565,
        18.823124935407833,
        14.386983877489046,
        10.466235007481881,
        16.48537493264775,
        24.669940227777122,
        23.902284945319284
      ],
      "sub_heights": [
        4.124594282040029,
        3.32366936954453,
        6.476570581652374,
        10.36371655555817,
        6.1080807243606525,
        2.318234702702194,
        5.239647148255694
      ],
      "total_area": 1000.0
    },
    {
      "center": 1585.0,
      "core_fwhm": 34.72684775806096,
      "family": "emg",
      "name": "G",
      "tau": 19.243415263893212,
      "total_area": 1000.0
    },
    {
      "area": 150.0,
      "center": 1620.0,
      "eta": 0.6012654734428713,
      "family": "mixed_voigt",
      "fwhm": 18.0,
      "name": "Dprime"
    }
  ],
  "baseline": {
    "exp": null,
    "frac": 0.0,
    "gaussians": [],
    "severity": "none",
    "signal_scale": 19.894849550124068
  },
  "case_id": "tierB_stage1_blnone_snr50_i3",
  "generator_families": [
    "composite_lorentzians",
    "emg",
    "mixed_voigt"
  ],
  "grid": {
    "max": 1800.0,
    "min": 1000.0,
    "step": 1.0
  },
  "id_ig_area_ratio_nominal": 1.0,
  "instance": 3,
  "seed": 20260615,
  "severity": "none",
  "snr_label": 50,
  "stage": 1,
  "stage_label": "stage1",
  "tier": "B",
  "true_id_ig_area": 0.9851880521481869,
  "true_id_ig_height": 0.9753183933099574,
  "wavelength_nm": 532.0
}