{
  "bands": [
    {
      "family": "composite_lorentzians",
      "n_sub": 7,
      "name": "D",
      "nominal_center": 1350.0,
      "sub_areas": [
        123.017672579867,
        100.2032805502087,
        175.96550277744794,
        81.490531024883,
        156.36473613854707,
        196.66029272874346,
        166.29798420030275
      ],
      "sub_centers": [
        1365.737950289812,
        1338.3363262347218,
        1336.0159767970415,
        1349.536385992759,
        1357.6148107944218,
        1365.772491367633,
        1374.092516195397
      ],
      "sub_fwhms": [
        12.146344520702748,
        11.119366512156098,
        13.494027361565378,
        19.008919882381026,
        24.6415892150363,
        12.987093117184822,
        20.203396172987674
      ],
      "sub_heights": [
        6.447658600618509,
        5.736962585469206,
        8.30168157519807,
        2.7291652356986065,
        4.039710339221809,
        9.64017349079063,
        5.240138041164223
      ],
      "total_area": 1000.0
    },
    {
      "center": 1585.0,
      "core_fwhm": 29.43453093034188,
      "family": "emg",
      "name": "G",
      "tau": 35.390869963309385,
      "total_area": 1000.0
    },
    {
      "area": 150.0,
      "center": 1620.0,
      "eta": 0.3228083456408112,
      "family": "mixed_voigt",
      "fwhm": 18.0,
      "name": "Dprime"
    }
  ],
  "baseline": {
    "exp": {
      "amp": 0.8441353082886067,
      "decay": 418.25146021038825
    },
    "frac": 0.6,
    "gaussians": [
      {
        "amp": 0.8212421419744097,
        "center": 1679.2308729096146,
        "width": 264.27800205384244
      },
      {
        "amp": 0.9208117544300479,
        "center": 989.4983124035374,
        "width": 316.893789062538
      }
    ],
    "severity": "strong",
    "signal_scale": 23.323874682575347
  },
  "case_id": "tierB_stage1_blstrong_snr50_i2",
  "generator_families": [
    "composite_lorentzians",
    "emg",
    "mixed_voigt"
  ],
  "grid": {
    "max": 1800.0,
    "min": 1000.0,
    "step": 1.0
  },
  "id_ig_area_ratio_nominal": 1.0,
  "instance": 2,
  "seed": 20260615,
  "severity": "strong",
  "snr_label": 50,
  "stage": 1,
  "stage_label": "stage1",
  "tier": "B",
  "true_id_ig_area": 0.9868712042326189,
  "true_id_ig_height": 1.474714828780488,
  "wavelength_nm": 532.0
}