{
  "bands": [
    {
      "family": "composite_lorentzians",
      "n_sub": 5,
      "name": "D",
      "nominal_center": 1350.0,
      "sub_areas": [
        191.25602385106654,
        210.88226862355333,
        150.26016880265075,
        185.70302590288722,
        261.89851281984215
      ],
      "sub_centers": [
        1347.385606216134,
        1339.9895388963037,
        1367.2346116484525,
        1363.144795324166,
        1348.0456917778151
      ],
      "sub_fwhms": [
        10.145857798937413,
        8.608068757532589,
        22.878046240297383,
        13.885887584220079,
        19.119662713059075
      ],
      "sub_heights": [
        12.000697110178942,
        15.596044319465626,
        4.181239667684772,
        8.51383949072257,
        8.720330170934268
      ],
      "total_area": 1000.0
    },
    {
      "center": 1585.0,
      "core_fwhm": 41.05310477905709,
      "family": "emg",
      "name": "G",
      "tau": 36.46476703219274,
      "total_area": 1000.0
    },
    {
      "area": 150.0,
      "center": 1620.0,
      "eta": 0.3517124497137433,
      "family": "mixed_voigt",
      "fwhm": 18.0,
      "name": "Dprime"
    }
  ],
  "baseline": {
    "exp": {
      "amp": 0.6822603137979089,
      "decay": 858.7668948685613
    },
    "frac": 0.15,
    "gaussians": [
      {
        "amp": 0.5641707659626687,
        "center": 1138.0745996210983,
        "width": 253.2031899884559
      },
      {
        "amp": 0.8928820320639447,
        "center": 1460.166037740867,
        "width": 305.9869398221193
      }
    ],
    "severity": "mild",
    "signal_scale": 27.16177608150288
  },
  "case_id": "tierB_stage1_blmild_snr50_i3",
  "generator_families": [
    "composite_lorentzians",
    "emg",
    "mixed_voigt"
  ],
  "grid": {
    "max": 1800.0,
    "min": 1000.0,
    "step": 1.0
  },
  "id_ig_area_ratio_nominal": 1.0,
  "instance": 3,
  "seed": 20260615,
  "severity": "mild",
  "snr_label": 50,
  "stage": 1,
  "stage_label": "stage1",
  "tier": "B",
  "true_id_ig_area": 0.9880759703742558,
  "true_id_ig_height": 2.0312692710173557,
  "wavelength_nm": 532.0
}