{
  "bands": [
    {
      "family": "composite_lorentzians",
      "n_sub": 7,
      "name": "D",
      "nominal_center": 1350.0,
      "sub_areas": [
        119.77403605441346,
        108.15235670418112,
        166.3817762780281,
        121.95868915273813,
        199.0019881067426,
        132.98039769406793,
        151.75075600982856
      ],
      "sub_centers": [
        1367.5674235221318,
        1358.92140264183,
        1350.9025365956877,
        1344.6856044477877,
        1345.3996681348424,
        1358.7518193926853,
        1363.4344860613003
      ],
      "sub_fwhms": [
        10.306650874038473,
        24.07148146117227,
        12.04543561139047,
        11.249453973196005,
        22.10897768582524,
        22.59923283079091,
        20.773920677029924
      ],
      "sub_heights": [
        7.3981859384191795,
        2.8603112283343526,
        8.79353241821073,
        6.901785021002813,
        5.730188078774653,
        3.746054175520664,
        4.650423636901917
      ],
      "total_area": 1000.0
    },
    {
      "center": 1585.0,
      "core_fwhm": 42.148163283387134,
      "family": "emg",
      "name": "G",
      "tau": 17.620089342924345,
      "total_area": 1000.0
    },
    {
      "area": 300.0,
      "center": 1500.0,
      "eta": 0.3628355393034555,
      "family": "mixed_voigt",
      "fwhm": 120.0,
      "name": "D3"
    },
    {
      "area": 300.0,
      "center": 1200.0,
      "eta": 0.5125728170078908,
      "family": "mixed_voigt",
      "fwhm": 140.0,
      "name": "D4"
    }
  ],
  "baseline": {
    "exp": null,
    "frac": 0.0,
    "gaussians": [],
    "severity": "none",
    "signal_scale": 23.90981012307495
  },
  "case_id": "tierB_stage2_blnone_snr200_i3",
  "generator_families": [
    "composite_lorentzians",
    "emg",
    "mixed_voigt"
  ],
  "grid": {
    "max": 1900.0,
    "min": 800.0,
    "step": 1.0
  },
  "id_ig_area_ratio_nominal": 1.0,
  "instance": 3,
  "seed": 20260615,
  "severity": "none",
  "snr_label": 200,
  "stage": 2,
  "stage_label": "stage2",
  "tier": "B",
  "true_id_ig_area": 0.9897131055013074,
  "true_id_ig_height": 1.3459397714240322,
  "wavelength_nm": 532.0
}