{
  "bands": [
    {
      "family": "composite_lorentzians",
      "n_sub": 5,
      "name": "D",
      "nominal_center": 1350.0,
      "sub_areas": [
        207.63236280328832,
        172.27924398572628,
        196.8138081560723,
        222.6290992717852,
        200.64548578312792
      ],
      "sub_centers": [
        1359.1900924519043,
        1368.1057696880926,
        1359.8181079671208,
        1366.8658780493724,
        1326.1188467312331
      ],
      "sub_fwhms": [
        24.89840594225535,
        12.74705824823794,
        22.48489244233513,
        16.670348949642143,
        18.90488672959751
      ],
      "sub_heights": [
        5.308888763824173,
        8.60405365332138,
        5.572433226818816,
        8.501926800029345,
        6.756712447573453
      ],
      "total_area": 1000.0
    },
    {
      "center": 1585.0,
      "core_fwhm": 33.30741157157406,
      "family": "emg",
      "name": "G",
      "tau": 27.93030739177982,
      "total_area": 1000.0
    },
    {
      "area": 150.0,
      "center": 1620.0,
      "eta": 0.4433397922838289,
      "family": "mixed_voigt",
      "fwhm": 18.0,
      "name": "Dprime"
    }
  ],
  "baseline": {
    "exp": {
      "amp": 0.7255840170298491,
      "decay": 333.08744463103193
    },
    "frac": 0.15,
    "gaussians": [
      {
        "amp": 0.637459168581437,
        "center": 1510.0463376581633,
        "width": 210.84025801095882
      },
      {
        "amp": 0.8620824162484154,
        "center": 1388.9991448215699,
        "width": 498.1140374375965
      }
    ],
    "severity": "mild",
    "signal_scale": 24.96526295375932
  },
  "case_id": "tierB_stage1_blmild_snr200_i1",
  "generator_families": [
    "composite_lorentzians",
    "emg",
    "mixed_voigt"
  ],
  "grid": {
    "max": 1800.0,
    "min": 1000.0,
    "step": 1.0
  },
  "id_ig_area_ratio_nominal": 1.0,
  "instance": 1,
  "seed": 20260615,
  "severity": "mild",
  "snr_label": 200,
  "stage": 1,
  "stage_label": "stage1",
  "tier": "B",
  "true_id_ig_area": 0.9844313497074288,
  "true_id_ig_height": 1.4756643505687652,
  "wavelength_nm": 532.0
}