{
  "bands": [
    {
      "family": "composite_lorentzians",
      "n_sub": 7,
      "name": "D",
      "nominal_center": 1350.0,
      "sub_areas": [
        82.45373219281113,
        125.61706528658897,
        179.70077332349376,
        217.99344970041633,
        97.37923628232986,
        83.03699885024828,
        213.81874436411175
      ],
      "sub_centers": [
        1350.231958458703,
        1355.0392045327862,
        1361.9219172280198,
        1342.118328995772,
        1338.9830928350702,
        1349.1214399100918,
        1354.035454069873
      ],
      "sub_fwhms": [
        22.412638643319593,
        10.814073530288372,
        8.336243416323368,
        23.7911257656568,
        22.60543469398186,
        17.704599248157187,
        18.854071048967494
      ],
      "sub_heights": [
        2.3420569552211483,
        7.395021615513221,
        13.723335523464907,
        5.833222929124035,
        2.742417833349164,
        2.9858340516594586,
        7.219726711089131
      ],
      "total_area": 1000.0
    },
    {
      "center": 1585.0,
      "core_fwhm": 31.544195555925537,
      "family": "emg",
      "name": "G",
      "tau": 25.88084291712515,
      "total_area": 1000.0
    },
    {
      "area": 300.0,
      "center": 1500.0,
      "eta": 0.4000851919010261,
      "family": "mixed_voigt",
      "fwhm": 120.0,
      "name": "D3"
    },
    {
      "area": 300.0,
      "center": 1200.0,
      "eta": 0.5437003220512211,
      "family": "mixed_voigt",
      "fwhm": 140.0,
      "name": "D4"
    }
  ],
  "baseline": {
    "exp": null,
    "frac": 0.0,
    "gaussians": [],
    "severity": "none",
    "signal_scale": 26.117115537491543
  },
  "case_id": "tierB_stage2_blnone_snr15_i4",
  "generator_families": [
    "composite_lorentzians",
    "emg",
    "mixed_voigt"
  ],
  "grid": {
    "max": 1900.0,
    "min": 800.0,
    "step": 1.0
  },
  "id_ig_area_ratio_nominal": 1.0,
  "instance": 4,
  "seed": 20260615,
  "severity": "none",
  "snr_label": 15,
  "stage": 2,
  "stage_label": "stage2",
  "tier": "B",
  "true_id_ig_area": 0.989817211576681,
  "true_id_ig_height": 1.4318637030640795,
  "wavelength_nm": 532.0
}