{
  "bands": [
    {
      "family": "composite_lorentzians",
      "n_sub": 7,
      "name": "D",
      "nominal_center": 1350.0,
      "sub_areas": [
        163.53059599741974,
        135.62949914355934,
        149.9892610778922,
        126.61410439291326,
        193.2423645977398,
        147.36701538562252,
        83.62715940485319
      ],
      "sub_centers": [
        1349.4811339758755,
        1356.8250424378673,
        1326.330226039351,
        1353.4355176242475,
        1343.6516421791564,
        1340.6383919322166,
        1346.9571433621823
      ],
      "sub_fwhms": [
        9.55600611241743,
        13.063342085073216,
        11.33885794020566,
        17.05796640136982,
        11.367809460776849,
        15.257365350709861,
        20.01401615843367
      ],
      "sub_heights": [
        10.894385120132144,
        6.609673107294877,
        8.421141683626875,
        4.7253605981231575,
        10.82195392053829,
        6.148948631220919,
        2.6600709604019643
      ],
      "total_area": 1000.0
    },
    {
      "center": 1585.0,
      "core_fwhm": 42.05510458648433,
      "family": "emg",
      "name": "G",
      "tau": 34.0313617470314,
      "total_area": 1000.0
    },
    {
      "area": 300.0,
      "center": 1500.0,
      "eta": 0.2469947560991264,
      "family": "mixed_voigt",
      "fwhm": 120.0,
      "name": "D3"
    },
    {
      "area": 300.0,
      "center": 1200.0,
      "eta": 0.7796791855492023,
      "family": "mixed_voigt",
      "fwhm": 140.0,
      "name": "D4"
    }
  ],
  "baseline": {
    "exp": null,
    "frac": 0.0,
    "gaussians": [],
    "severity": "none",
    "signal_scale": 29.108730139800354
  },
  "case_id": "tierB_stage2_blnone_snr200_i1",
  "generator_families": [
    "composite_lorentzians",
    "emg",
    "mixed_voigt"
  ],
  "grid": {
    "max": 1900.0,
    "min": 800.0,
    "step": 1.0
  },
  "id_ig_area_ratio_nominal": 1.0,
  "instance": 1,
  "seed": 20260615,
  "severity": "none",
  "snr_label": 200,
  "stage": 2,
  "stage_label": "stage2",
  "tier": "B",
  "true_id_ig_area": 0.9922925004835615,
  "true_id_ig_height": 2.115054269858602,
  "wavelength_nm": 532.0
}