{
  "bands": [
    {
      "family": "composite_lorentzians",
      "n_sub": 6,
      "name": "D",
      "nominal_center": 1350.0,
      "sub_areas": [
        207.1322645443886,
        188.0837896844268,
        130.2097207180051,
        92.32046268787731,
        202.98681211801488,
        179.26695024728724
      ],
      "sub_centers": [
        1335.2737366479457,
        1362.7295782700548,
        1340.8798798745904,
        1363.5861415062975,
        1353.824409880262,
        1334.431321395209
      ],
      "sub_fwhms": [
        13.41131412433545,
        23.452236759974316,
        21.437315382208435,
        21.178974333134665,
        11.396587902324313,
        15.549606330125739
      ],
      "sub_heights": [
        9.832332154904648,
        5.105605090056364,
        3.8668126715315942,
        2.7750650724041623,
        11.338956820386246,
        7.3394067114325265
      ],
      "total_area": 1000.0
    },
    {
      "center": 1585.0,
      "core_fwhm": 44.54482765484694,
      "family": "emg",
      "name": "G",
      "tau": 28.8182483989488,
      "total_area": 1000.0
    },
    {
      "area": 150.0,
      "center": 1620.0,
      "eta": 0.3375021737049933,
      "family": "mixed_voigt",
      "fwhm": 18.0,
      "name": "Dprime"
    }
  ],
  "baseline": {
    "exp": {
      "amp": 0.6631866585785073,
      "decay": 638.1271881233616
    },
    "frac": 0.15,
    "gaussians": [
      {
        "amp": 0.6724485288531267,
        "center": 1443.9908080451125,
        "width": 203.0644595358244
      },
      {
        "amp": 0.43115722149234964,
        "center": 1572.4005338495879,
        "width": 333.83346359300725
      }
    ],
    "severity": "mild",
    "signal_scale": 22.207201693918428
  },
  "case_id": "tierB_stage1_blmild_snr15_i4",
  "generator_families": [
    "composite_lorentzians",
    "emg",
    "mixed_voigt"
  ],
  "grid": {
    "max": 1800.0,
    "min": 1000.0,
    "step": 1.0
  },
  "id_ig_area_ratio_nominal": 1.0,
  "instance": 4,
  "seed": 20260615,
  "severity": "mild",
  "snr_label": 15,
  "stage": 1,
  "stage_label": "stage1",
  "tier": "B",
  "true_id_ig_area": 0.9862067017704664,
  "true_id_ig_height": 1.5609568329333234,
  "wavelength_nm": 532.0
}