{
  "bands": [
    {
      "family": "composite_lorentzians",
      "n_sub": 7,
      "name": "D",
      "nominal_center": 1350.0,
      "sub_areas": [
        195.60258681208276,
        126.29070487610785,
        113.5886602289078,
        182.17118375946657,
        167.50240829189698,
        85.31092280915774,
        129.53353322238033
      ],
      "sub_centers": [
        1363.6524647870888,
        1330.7692479632328,
        1348.9049776813322,
        1329.9316479760203,
        1353.0446575758403,
        1337.8387150393596,
        1336.0185149158863
      ],
      "sub_fwhms": [
        8.344406328643629,
        24.71735239779004,
        13.277664412540778,
        15.067594617553038,
        8.886447699785696,
        24.521958211669606,
        19.527713059362167
      ],
      "sub_heights": [
        14.923107694715949,
        3.252741575896195,
        5.446197823027238,
        7.696900565786423,
        11.999771859387721,
        2.21477501064286,
        4.222901482796256
      ],
      "total_area": 1000.0
    },
    {
      "center": 1585.0,
      "core_fwhm": 36.18248272769576,
      "family": "emg",
      "name": "G",
      "tau": 16.876186661898917,
      "total_area": 1000.0
    },
    {
      "area": 150.0,
      "center": 1620.0,
      "eta": 0.6659492769569194,
      "family": "mixed_voigt",
      "fwhm": 18.0,
      "name": "Dprime"
    }
  ],
  "baseline": {
    "exp": null,
    "frac": 0.0,
    "gaussians": [],
    "severity": "none",
    "signal_scale": 21.367180085153944
  },
  "case_id": "tierB_stage1_blnone_snr50_i1",
  "generator_families": [
    "composite_lorentzians",
    "emg",
    "mixed_voigt"
  ],
  "grid": {
    "max": 1800.0,
    "min": 1000.0,
    "step": 1.0
  },
  "id_ig_area_ratio_nominal": 1.0,
  "instance": 1,
  "seed": 20260615,
  "severity": "none",
  "snr_label": 50,
  "stage": 1,
  "stage_label": "stage1",
  "tier": "B",
  "true_id_ig_area": 0.9876857649557984,
  "true_id_ig_height": 1.0803356692199486,
  "wavelength_nm": 532.0
}